{
  "alias" : "Picture_Frame_Oval_Small_P.Frames.B_Oval_Frame_2",
  "vertices" : [-7.2975,5.88125,-2.872499,-7.27,5.97375,-2.957499,-7.32375,5.92625,-3.008749,-7.35625,5.82,-2.909999,-7.25125,6.11125,-3.014999,-7.3025,6.085001,-3.073749,-7.245,6.272501,-3.034999,-7.295,6.272501,-3.097499,-7.25125,6.435,-3.014999,-7.3025,6.460001,-3.073749,-7.27,6.571251,-2.957499,-7.32375,6.618751,-3.008749,-7.2975,6.663751,-2.872499,-7.35625,6.725,-2.909999,-7.33,6.695,-2.772499,-7.393751,6.7625,-2.793749,-7.3625,6.663751,-2.672499,-7.431251,6.725,-2.676249,-7.39,6.571251,-2.587499,-7.46375,6.618751,-2.577499,-7.408751,6.435,-2.529999,-7.485,6.460001,-2.512499,-7.415,6.272501,-2.509999,-7.4925,6.272501,-2.488749,-7.408751,6.11125,-2.529999,-7.485,6.085001,-2.512499,-7.39,5.97375,-2.587499,-7.46375,5.92625,-2.577499,-7.3625,5.88125,-2.672499,-7.431251,5.82,-2.676249,-7.33,5.85,-2.772499,-7.393751,5.7825,-2.793749,-7.3275,6.272501,-2.772499,-7.286251,6.02625,-2.927499,-7.286251,6.02625,-2.927499,-7.308751,5.94625,-2.858749,-7.308751,5.94625,-2.858749,-7.27125,6.14125,-2.971249,-7.27125,6.14125,-2.971249,-7.266251,6.272501,-2.987499,-7.266251,6.272501,-2.987499,-7.27125,6.40375,-2.971249,-7.27125,6.40375,-2.971249,-7.286251,6.518751,-2.927499,-7.286251,6.518751,-2.927499,-7.308751,6.598751,-2.858749,-7.308751,6.598751,-2.858749,-7.33625,6.627501,-2.774999,-7.33625,6.627501,-2.774999,-7.36375,6.598751,-2.691249,-7.36375,6.598751,-2.691249,-7.385,6.518751,-2.621249,-7.385,6.518751,-2.621249,-7.4,6.40375,-2.577499,-7.4,6.40375,-2.577499,-7.405,6.272501,-2.561249,-7.405,6.272501,-2.561249,-7.4,6.14125,-2.577499,-7.4,6.14125,-2.577499,-7.385,6.02625,-2.621249,-7.385,6.02625,-2.621249,-7.36375,5.94625,-2.691249,-7.36375,5.94625,-2.691249,-7.33625,5.9175,-2.774999,-7.33625,5.9175,-2.774999,-7.263751,6.12,-3.003749,-7.2575,6.272501,-3.022499,-7.28125,5.991251,-2.949999,-7.3075,5.905,-2.869999,-7.33875,5.875,-2.774999,-7.368751,5.905,-2.681249,-7.395,5.991251,-2.601249,-7.4125,6.12,-2.547499,-7.41875,6.272501,-2.528749,-7.4125,6.425,-2.547499,-7.395,6.553751,-2.601249,-7.368751,6.64,-2.681249,-7.33875,6.670001,-2.774999,-7.3075,6.64,-2.869999,-7.28125,6.553751,-2.949999,-7.263751,6.425,-3.003749],
  "indices" : [35,68,33,68,35,69,64,69,35,69,64,70,62,70,64,70,62,71,60,71,62,71,60,72,58,72,60,72,58,73,56,73,58,73,56,74,54,74,56,74,54,75,52,75,54,75,52,76,50,76,52,76,50,77,48,77,50,77,48,78,46,78,48,78,46,79,44,79,46,79,44,80,41,80,44,80,41,66,39,66,41,66,39,65,37,65,39,65,37,67,33,67,37,67,33,68,8,80,6,80,8,79,10,79,8,79,10,78,12,78,10,78,12,77,14,77,12,77,14,76,16,76,14,76,16,75,18,75,16,75,18,74,20,74,18,74,20,73,22,73,20,73,22,72,24,72,22,72,24,71,26,71,24,71,26,70,28,70,26,70,28,69,30,69,28,69,30,68,0,68,30,68,0,67,1,67,0,67,1,65,4,65,1,65,4,66,6,66,4,66,6,80,3,0,31,0,3,1,2,1,3,1,2,4,5,4,2,4,5,6,7,6,5,6,7,8,9,8,7,8,9,10,11,10,9,10,11,12,13,12,11,12,13,14,15,14,13,14,15,16,17,16,15,16,17,18,19,18,17,18,19,20,21,20,19,20,21,22,23,22,21,22,23,24,25,24,23,24,25,26,27,26,25,26,27,28,29,28,27,28,29,30,31,30,29,30,31,0,32,49,51,49,32,47,45,47,32,32,43,45,43,32,42,40,42,32,53,32,51,32,53,55,57,32,55,32,57,59,61,32,59,32,61,63,36,32,63,32,36,34,32,38,40,38,32,34],
  "Ns" : 225.00000,
  "Ka" : [1.00000,1.00000,1.00000],
  "Kd" : [0.80000,0.80000,0.80000],
  "Ks" : [0.00000,0.00000,0.00000],
  "Ni" : 1.45000,
  "d" : 1.00000,
  "illum" : 1
}