{
  "alias" : "Cube1_Cube_m1Cube",
  "vertices" : [-8.392287,-1.0,-1.570847,-8.392287,1.0,-1.570847,-7.96828,-1.0,-3.525385,-7.96828,1.0,-3.525385,-6.437749,-1.0,-1.14684,-6.437749,1.0,-1.14684,-6.013742,-1.0,-3.101378,-6.013742,1.0,-3.101378],
  "texture_coords" : [0.625,0.0,0.375,0.25,0.375,0.0,0.625,0.25,0.375,0.5,0.625,0.5,0.375,0.75,0.625,0.75,0.375,1.0,0.125,0.75,0.125,0.5,0.875,0.5,0.625,1.0,0.875,0.75],
  "indices" : [1,2,0,3,6,2,7,4,6,5,0,4,6,0,2,3,5,7,1,3,2,3,7,6,7,5,4,5,1,0,6,4,0,3,1,5],
  "normals" : [-0.9773,0.0,-0.212,-0.9773,0.0,-0.212,-0.9773,0.0,-0.212,0.212,0.0,-0.9773,0.212,0.0,-0.9773,0.212,0.0,-0.9773,0.9773,0.0,0.212,0.9773,0.0,0.212,0.9773,0.0,0.212,-0.212,0.0,0.9773,-0.212,0.0,0.9773,-0.212,0.0,0.9773,0.0,-1.0,0.0,0.0,-1.0,0.0,0.0,-1.0,0.0,0.0,1.0,0.0,0.0,1.0,0.0,0.0,1.0,0.0,-0.9773,0.0,-0.212,-0.9773,0.0,-0.212,-0.9773,0.0,-0.212,0.212,0.0,-0.9773,0.212,0.0,-0.9773,0.212,0.0,-0.9773,0.9773,0.0,0.212,0.9773,0.0,0.212,0.9773,0.0,0.212,-0.212,0.0,0.9773,-0.212,0.0,0.9773,-0.212,0.0,0.9773,0.0,-1.0,0.0,0.0,-1.0,0.0,0.0,-1.0,0.0,0.0,1.0,0.0,0.0,1.0,0.0,0.0,1.0,0.0],
  "Ni" : 1.45000,
  "Ka" : [1.00000,1.00000,1.00000],
  "d" : 1.00000,
  "Kd" : [0.80000,0.80000,0.80000],
  "illum" : 1,
  "Ks" : [0.00000,0.00000,0.00000],
  "Ns" : 0.00000
}