{
  "alias" : "Entrance_Exit_Entrance_Exit_Marble",
  "vertices" : [1.4075,-1e-06,8.88875,-1.4075,4.567267,8.888751,-1.4075,3.341249,8.733751,-1.4075,3.378749,8.693751,-1.4075,3.662498,8.693751,-1.4075,3.701249,8.733751,-1.4075,3.701249,8.888751,1.4075,3.701249,8.733751,1.4075,3.662498,8.693751,1.4075,3.378749,8.693751,1.4075,3.341249,8.733751,1.4075,3.701249,8.887501,-1.4075,-1e-06,8.88875,-2.125,3.378748,12.176301,2.125,3.378748,12.176301,2.125,-2e-06,12.1763,-2.125,-2e-06,12.1763,1.4075,4.576249,8.888751],
  "texture_coords" : [0.708502,0.999998,0.738854,2e-06,0.738854,1.0,0.968611,1.0,0.96861,2e-06,0.941406,0.0,0.961551,0.362445,0.941406,0.362445,0.49745,0.499613,0.000379,0.000718,0.49745,0.000718,0.701229,0.0,0.0,0.999998,0.0,0.0,0.000379,0.000718,0.000379,0.499613,0.49745,0.000718,0.000379,0.499613,0.000379,0.000718,0.49745,0.000718,0.000379,0.499613,0.000379,0.000718,1.0,0.0,0.708502,0.0,0.961715,0.0,0.000379,0.499613,0.708502,0.999998,0.49745,0.499613,0.49745,0.499613,1.0,0.999998],
  "indices" : [10,3,9,8,3,4,5,11,7,13,12,2,1,11,6,10,13,2,15,13,14,14,0,15,5,8,4,10,2,3,8,9,3,5,6,11,13,16,12,1,17,11,10,14,13,15,16,13,14,10,0,5,7,8],
  "normals" : [-0.448,-0.8663,-0.221,0.0,-0.3975,-0.9176,0.0,-0.3975,-0.9176,0.0,0.39,-0.9208,0.0,-0.3975,-0.9176,0.0,0.39,-0.9208,0.0,0.9269,-0.3753,-0.0001,0.7076,-0.7066,0.0,0.9269,-0.3753,0.6399,-0.5694,-0.516,0.978,0.0048,0.2084,0.448,-0.8663,-0.221,-0.0003,0.0002,-1.0,-0.0001,0.7076,-0.7066,-0.0003,0.707,-0.7072,-0.448,-0.8663,-0.221,0.6399,-0.5694,-0.516,0.448,-0.8663,-0.221,-0.7788,0.0,-0.6272,0.6399,-0.5694,-0.516,-0.6399,-0.5694,-0.516,-0.6399,-0.5694,-0.516,-0.978,0.0048,0.2084,-0.7788,0.0,-0.6272,0.0,0.9269,-0.3753,0.0,0.39,-0.9208,0.0,0.39,-0.9208,-0.448,-0.8663,-0.221,0.448,-0.8663,-0.221,0.0,-0.3975,-0.9176,0.0,0.39,-0.9208,0.0,-0.3975,-0.9176,0.0,-0.3975,-0.9176,0.0,0.9269,-0.3753,-0.0003,0.707,-0.7072,-0.0001,0.7076,-0.7066,0.6399,-0.5694,-0.516,0.7788,0.0,-0.6272,0.978,0.0048,0.2084,-0.0003,0.0002,-1.0,0.0,0.0014,-1.0,-0.0001,0.7076,-0.7066,-0.448,-0.8663,-0.221,-0.6399,-0.5694,-0.516,0.6399,-0.5694,-0.516,-0.7788,0.0,-0.6272,0.7788,0.0,-0.6272,0.6399,-0.5694,-0.516,-0.6399,-0.5694,-0.516,-0.448,-0.8663,-0.221,-0.978,0.0048,0.2084,0.0,0.9269,-0.3753,0.0,0.9269,-0.3753,0.0,0.39,-0.9208],
  "Ni" : 1.45000,
  "Ka" : [1.00000,1.00000,1.00000],
  "d" : 1.00000,
  "Kd" : [0.80000,0.80000,0.80000],
  "illum" : 1,
  "Ks" : [0.00000,0.00000,0.00000],
  "Ns" : 0.00000
}