{
  "alias" : "Cones_Cones_Marble",
  "vertices" : [-7.02125,2.903749,4.3825,-7.0625,2.903749,4.366251,-7.08,2.903749,4.325,-7.0625,2.903749,4.283751,-7.02125,2.903749,4.266251,-7.931251,3.91625,2.547501,-7.931251,3.72,2.450001,-7.86125,3.72,2.478751,-8.0,3.72,2.478751,-8.02875,3.72,2.547501,-8.0,3.72,2.617501,-7.931251,3.72,2.646251,-7.86125,3.72,2.617501,-7.8325,3.72,2.547501,-7.875,3.68625,2.492501,-7.8525,3.68625,2.547501,-7.875,3.68625,2.603751,-7.931251,3.68625,2.626251,-7.98625,3.68625,2.603751,-8.00875,3.68625,2.547501,-7.98625,3.68625,2.492501,-7.931251,3.68625,2.470001,-7.02125,3.074999,4.325,-7.02125,2.928749,4.251251,-6.97,2.928749,4.272501,-7.07375,2.928749,4.272501,-7.095,2.928749,4.325,-7.07375,2.928749,4.376251,-7.02125,2.928749,4.397501,-6.97,2.928749,4.376251,-6.94875,2.928749,4.325,-6.98,2.903749,4.283751,-6.96375,2.903749,4.325,-6.98,2.903749,4.366251],
  "indices" : [14,6,7,6,14,21,21,8,6,8,21,20,20,9,8,9,20,19,19,10,9,10,19,18,18,11,10,11,18,17,17,12,11,12,17,16,16,13,12,13,16,15,15,7,13,7,15,14,13,7,5,12,13,5,11,12,5,10,11,5,9,10,5,8,9,5,6,8,5,7,6,5,31,23,24,23,31,4,4,25,23,25,4,3,3,26,25,26,3,2,2,27,26,27,2,1,1,28,27,28,1,0,0,29,28,29,0,33,33,30,29,30,33,32,32,24,30,24,32,31,30,24,22,29,30,22,28,29,22,27,28,22,26,27,22,25,26,22,23,25,22,24,23,22],
  "Ni" : 1.45000,
  "Ka" : [1.00000,1.00000,1.00000],
  "d" : 1.00000,
  "Kd" : [0.80000,0.80000,0.80000],
  "illum" : 1,
  "Ks" : [0.00000,0.00000,0.00000],
  "Ns" : 0.00000
}