{
  "alias" : "Picture_Frame_Oval_P.FramesA_Oval_Frame_",
  "vertices" : [-7.4225,4.286251,-2.336249,-7.37875,4.4325,-2.471249,-7.46375,4.357501,-2.551249,-7.515,4.188751,-2.393749,-7.348751,4.650001,-2.561249,-7.43,4.610001,-2.654999,-7.33875,4.9075,-2.593749,-7.41875,4.9075,-2.692499,-7.348751,5.165,-2.561249,-7.43,5.20625,-2.654999,-7.37875,5.3825,-2.471249,-7.46375,5.45875,-2.551249,-7.4225,5.52875,-2.336249,-7.515,5.627501,-2.393749,-7.473751,5.58,-2.176249,-7.575,5.68625,-2.208749,-7.52625,5.52875,-2.016249,-7.635,5.627501,-2.023749,-7.57,5.3825,-1.881249,-7.68625,5.45875,-1.867499,-7.598751,5.165,-1.791249,-7.72,5.20625,-1.762499,-7.61,4.9075,-1.758749,-7.7325,4.9075,-1.726249,-7.598751,4.650001,-1.791249,-7.72,4.610001,-1.762499,-7.57,4.4325,-1.881249,-7.68625,4.357501,-1.867499,-7.52625,4.286251,-2.016249,-7.635,4.188751,-2.023749,-7.473751,4.236251,-2.17625,-7.575,4.128751,-2.208749,-7.471251,4.9075,-2.174999,-7.405,4.516251,-2.422499,-7.405,4.516251,-2.422499,-7.44125,4.39,-2.312499,-7.44125,4.39,-2.312499,-7.38125,4.69875,-2.492499,-7.38125,4.69875,-2.492499,-7.37375,4.9075,-2.517499,-7.37375,4.9075,-2.517499,-7.38125,5.1175,-2.492499,-7.38125,5.1175,-2.492499,-7.405,5.29875,-2.422499,-7.405,5.29875,-2.422499,-7.44125,5.42625,-2.312499,-7.44125,5.42625,-2.312499,-7.485,5.4725,-2.179999,-7.485,5.4725,-2.179999,-7.5275,5.42625,-2.046249,-7.5275,5.42625,-2.046249,-7.5625,5.29875,-1.936249,-7.5625,5.29875,-1.936249,-7.585,5.1175,-1.864999,-7.585,5.1175,-1.864999,-7.5925,4.9075,-1.841249,-7.5925,4.9075,-1.841249,-7.585,4.69875,-1.864999,-7.585,4.69875,-1.864999,-7.5625,4.516251,-1.936249,-7.5625,4.516251,-1.936249,-7.5275,4.39,-2.046249,-7.5275,4.39,-2.046249,-7.485,4.34375,-2.179999,-7.485,4.34375,-2.179999,-7.37,4.666251,-2.542499,-7.36,4.9075,-2.572499,-7.3975,4.461251,-2.457499,-7.43875,4.32375,-2.329999,-7.4875,4.276251,-2.179999,-7.536251,4.32375,-2.029999,-7.5775,4.461251,-1.903749,-7.605,4.666251,-1.818749,-7.615,4.9075,-1.788749,-7.605,5.150001,-1.818749,-7.5775,5.355,-1.903749,-7.536251,5.491251,-2.029999,-7.4875,5.54,-2.179999,-7.43875,5.491251,-2.329999,-7.3975,5.355,-2.457499,-7.37,5.150001,-2.542499],
  "indices" : [35,68,33,68,35,69,64,69,35,69,64,70,62,70,64,70,62,71,60,71,62,71,60,72,58,72,60,72,58,73,56,73,58,73,56,74,54,74,56,74,54,75,52,75,54,75,52,76,50,76,52,76,50,77,48,77,50,77,48,78,46,78,48,78,46,79,44,79,46,79,44,80,41,80,44,80,41,66,39,66,41,66,39,65,37,65,39,65,37,67,33,67,37,67,33,68,8,80,6,80,8,79,10,79,8,79,10,78,12,78,10,78,12,77,14,77,12,77,14,76,16,76,14,76,16,75,18,75,16,75,18,74,20,74,18,74,20,73,22,73,20,73,22,72,24,72,22,72,24,71,26,71,24,71,26,70,28,70,26,70,28,69,30,69,28,69,30,68,0,68,30,68,0,67,1,67,0,67,1,65,4,65,1,65,4,66,6,66,4,66,6,80,3,0,31,0,3,1,2,1,3,1,2,4,5,4,2,4,5,6,7,6,5,6,7,8,9,8,7,8,9,10,11,10,9,10,11,12,13,12,11,12,13,14,15,14,13,14,15,16,17,16,15,16,17,18,19,18,17,18,19,20,21,20,19,20,21,22,23,22,21,22,23,24,25,24,23,24,25,26,27,26,25,26,27,28,29,28,27,28,29,30,31,30,29,30,31,0,32,49,51,49,32,47,45,47,32,32,43,45,43,32,42,40,42,32,53,32,51,32,53,55,57,32,55,32,57,59,61,32,59,32,61,63,36,32,63,32,36,34,32,38,40,38,32,34],
  "normals" : [0.9579,-0.0381,0.2844,0.9037,0.1502,0.401,0.9653,-0.0327,0.2592,0.9037,0.1502,0.401,0.9579,-0.0381,0.2844,0.9343,0.1854,0.3045,0.9499,-0.0366,0.3103,0.9343,0.1854,0.3045,0.9579,-0.0381,0.2844,0.9343,0.1854,0.3045,0.9499,-0.0366,0.3103,0.9676,0.1532,0.2005,0.941,-0.043,0.3356,0.9676,0.1532,0.2005,0.9499,-0.0366,0.3103,0.9676,0.1532,0.2005,0.941,-0.043,0.3356,0.9857,0.1022,0.1336,0.9297,-0.0374,0.3663,0.9857,0.1022,0.1336,0.941,-0.043,0.3356,0.9857,0.1022,0.1336,0.9297,-0.0374,0.3663,0.9941,0.0524,0.0947,0.9225,-0.0197,0.3854,0.9941,0.0524,0.0947,0.9297,-0.0374,0.3663,0.9941,0.0524,0.0947,0.9225,-0.0197,0.3854,0.9953,-0.0009,0.0965,0.9192,-0.0005,0.3937,0.9953,-0.0009,0.0965,0.9225,-0.0197,0.3854,0.9953,-0.0009,0.0965,0.9192,-0.0005,0.3937,0.9944,-0.0525,0.0922,0.9228,0.0198,0.3848,0.9944,-0.0525,0.0922,0.9192,-0.0005,0.3937,0.9944,-0.0525,0.0922,0.9228,0.0198,0.3848,0.9857,-0.1051,0.1319,0.9302,0.0362,0.3652,0.9857,-0.1051,0.1319,0.9228,0.0198,0.3848,0.9857,-0.1051,0.1319,0.9302,0.0362,0.3652,0.9672,-0.1523,0.203,0.9414,0.0417,0.3346,0.9672,-0.1523,0.203,0.9302,0.0362,0.3652,0.9672,-0.1523,0.203,0.9414,0.0417,0.3346,0.9354,-0.1858,0.3008,0.9513,0.0362,0.3061,0.9354,-0.1858,0.3008,0.9414,0.0417,0.3346,0.9354,-0.1858,0.3008,0.9513,0.0362,0.3061,0.9029,-0.1489,0.4031,0.9582,0.0399,0.2833,0.9029,-0.1489,0.4031,0.9513,0.0362,0.3061,0.9029,-0.1489,0.4031,0.9582,0.0399,0.2833,0.8753,-0.1049,0.472,0.9659,0.0321,0.2567,0.8753,-0.1049,0.472,0.9582,0.0399,0.2833,0.8753,-0.1049,0.472,0.9659,0.0321,0.2567,0.8593,-0.0528,0.5087,0.9721,0.0207,0.2337,0.8593,-0.0528,0.5087,0.9659,0.0321,0.2567,0.8593,-0.0528,0.5087,0.9721,0.0207,0.2337,0.8594,0.0002,0.5112,0.9704,-0.002,0.2413,0.8594,0.0002,0.5112,0.9721,0.0207,0.2337,0.8594,0.0002,0.5112,0.9704,-0.002,0.2413,0.8602,0.0511,0.5073,0.9727,-0.0174,0.2312,0.8602,0.0511,0.5073,0.9704,-0.002,0.2413,0.8602,0.0511,0.5073,0.9727,-0.0174,0.2312,0.878,0.1015,0.4676,0.9653,-0.0327,0.2592,0.878,0.1015,0.4676,0.9727,-0.0174,0.2312,0.878,0.1015,0.4676,0.9653,-0.0327,0.2592,0.9037,0.1502,0.401,0.9978,0.0642,0.0175,0.8593,-0.0528,0.5087,1.0,0.0012,-0.0001,0.8593,-0.0528,0.5087,0.9978,0.0642,0.0175,0.8753,-0.1049,0.472,0.9879,0.1512,0.0336,0.8753,-0.1049,0.472,0.9978,0.0642,0.0175,0.8753,-0.1049,0.472,0.9879,0.1512,0.0336,0.9029,-0.1489,0.4031,0.9586,0.2603,0.1147,0.9029,-0.1489,0.4031,0.9879,0.1512,0.0336,0.9029,-0.1489,0.4031,0.9586,0.2603,0.1147,0.9354,-0.1858,0.3008,0.904,0.3106,0.2936,0.9354,-0.1858,0.3008,0.9586,0.2603,0.1147,0.9354,-0.1858,0.3008,0.904,0.3106,0.2936,0.9672,-0.1523,0.203,0.8437,0.2575,0.4709,0.9672,-0.1523,0.203,0.904,0.3106,0.2936,0.9672,-0.1523,0.203,0.8437,0.2575,0.4709,0.9857,-0.1051,0.1319,0.8208,0.1505,0.551,0.9857,-0.1051,0.1319,0.8437,0.2575,0.4709,0.9857,-0.1051,0.1319,0.8208,0.1505,0.551,0.9944,-0.0525,0.0922,0.8202,0.0648,0.5684,0.9944,-0.0525,0.0922,0.8208,0.1505,0.551,0.9944,-0.0525,0.0922,0.8202,0.0648,0.5684,0.9953,-0.0009,0.0965,0.8102,-0.0018,0.586,0.9953,-0.0009,0.0965,0.8202,0.0648,0.5684,0.9953,-0.0009,0.0965,0.8102,-0.0018,0.586,0.9941,0.0524,0.0947,0.8175,-0.0631,0.5724,0.9941,0.0524,0.0947,0.8102,-0.0018,0.586,0.9941,0.0524,0.0947,0.8175,-0.0631,0.5724,0.9857,0.1022,0.1336,0.8177,-0.1543,0.5546,0.9857,0.1022,0.1336,0.8175,-0.0631,0.5724,0.9857,0.1022,0.1336,0.8177,-0.1543,0.5546,0.9676,0.1532,0.2005,0.8429,-0.2608,0.4707,0.9676,0.1532,0.2005,0.8177,-0.1543,0.5546,0.9676,0.1532,0.2005,0.8429,-0.2608,0.4707,0.9343,0.1854,0.3045,0.9046,-0.307,0.2956,0.9343,0.1854,0.3045,0.8429,-0.2608,0.4707,0.9343,0.1854,0.3045,0.9046,-0.307,0.2956,0.9037,0.1502,0.401,0.9584,-0.2633,0.1097,0.9037,0.1502,0.401,0.9046,-0.307,0.2956,0.9037,0.1502,0.401,0.9584,-0.2633,0.1097,0.878,0.1015,0.4676,0.9873,-0.1558,0.0315,0.878,0.1015,0.4676,0.9584,-0.2633,0.1097,0.878,0.1015,0.4676,0.9873,-0.1558,0.0315,0.8602,0.0511,0.5073,0.9977,-0.0656,0.0153,0.8602,0.0511,0.5073,0.9873,-0.1558,0.0315,0.8602,0.0511,0.5073,0.9977,-0.0656,0.0153,0.8594,0.0002,0.5112,1.0,0.0012,-0.0001,0.8594,0.0002,0.5112,0.9977,-0.0656,0.0153,0.8594,0.0002,0.5112,1.0,0.0012,-0.0001,0.8593,-0.0528,0.5087,0.7588,-0.6364,-0.1385,0.9584,-0.2633,0.1097,0.675,-0.7042,0.2203,0.9584,-0.2633,0.1097,0.7588,-0.6364,-0.1385,0.9873,-0.1558,0.0315,0.7887,-0.4548,-0.4136,0.9873,-0.1558,0.0315,0.7588,-0.6364,-0.1385,0.9873,-0.1558,0.0315,0.7887,-0.4548,-0.4136,0.9977,-0.0656,0.0153,0.7817,-0.23,-0.5797,0.9977,-0.0656,0.0153,0.7887,-0.4548,-0.4136,0.9977,-0.0656,0.0153,0.7817,-0.23,-0.5797,1.0,0.0012,-0.0001,0.7772,0.0002,-0.6291,1.0,0.0012,-0.0001,0.7817,-0.23,-0.5797,1.0,0.0012,-0.0001,0.7772,0.0002,-0.6291,0.9978,0.0642,0.0175,0.7841,0.231,-0.5759,0.9978,0.0642,0.0175,0.7772,0.0002,-0.6291,0.9978,0.0642,0.0175,0.7841,0.231,-0.5759,0.9879,0.1512,0.0336,0.7909,0.4519,-0.4125,0.9879,0.1512,0.0336,0.7841,0.231,-0.5759,0.9879,0.1512,0.0336,0.7909,0.4519,-0.4125,0.9586,