{
  "alias" : "Picture_Frame_Oval_P.FramesA_Oval_Frame_",
  "vertices" : [-7.4225,4.286251,-2.336249,-7.37875,4.4325,-2.471249,-7.46375,4.357501,-2.551249,-7.515,4.188751,-2.393749,-7.348751,4.650001,-2.561249,-7.43,4.610001,-2.654999,-7.33875,4.9075,-2.593749,-7.41875,4.9075,-2.692499,-7.348751,5.165,-2.561249,-7.43,5.20625,-2.654999,-7.37875,5.3825,-2.471249,-7.46375,5.45875,-2.551249,-7.4225,5.52875,-2.336249,-7.515,5.627501,-2.393749,-7.473751,5.58,-2.176249,-7.575,5.68625,-2.208749,-7.52625,5.52875,-2.016249,-7.635,5.627501,-2.023749,-7.57,5.3825,-1.881249,-7.68625,5.45875,-1.867499,-7.598751,5.165,-1.791249,-7.72,5.20625,-1.762499,-7.61,4.9075,-1.758749,-7.7325,4.9075,-1.726249,-7.598751,4.650001,-1.791249,-7.72,4.610001,-1.762499,-7.57,4.4325,-1.881249,-7.68625,4.357501,-1.867499,-7.52625,4.286251,-2.016249,-7.635,4.188751,-2.023749,-7.473751,4.236251,-2.17625,-7.575,4.128751,-2.208749,-7.471251,4.9075,-2.174999,-7.405,4.516251,-2.422499,-7.405,4.516251,-2.422499,-7.44125,4.39,-2.312499,-7.44125,4.39,-2.312499,-7.38125,4.69875,-2.492499,-7.38125,4.69875,-2.492499,-7.37375,4.9075,-2.517499,-7.37375,4.9075,-2.517499,-7.38125,5.1175,-2.492499,-7.38125,5.1175,-2.492499,-7.405,5.29875,-2.422499,-7.405,5.29875,-2.422499,-7.44125,5.42625,-2.312499,-7.44125,5.42625,-2.312499,-7.485,5.4725,-2.179999,-7.485,5.4725,-2.179999,-7.5275,5.42625,-2.046249,-7.5275,5.42625,-2.046249,-7.5625,5.29875,-1.936249,-7.5625,5.29875,-1.936249,-7.585,5.1175,-1.864999,-7.585,5.1175,-1.864999,-7.5925,4.9075,-1.841249,-7.5925,4.9075,-1.841249,-7.585,4.69875,-1.864999,-7.585,4.69875,-1.864999,-7.5625,4.516251,-1.936249,-7.5625,4.516251,-1.936249,-7.5275,4.39,-2.046249,-7.5275,4.39,-2.046249,-7.485,4.34375,-2.179999,-7.485,4.34375,-2.179999,-7.37,4.666251,-2.542499,-7.36,4.9075,-2.572499,-7.3975,4.461251,-2.457499,-7.43875,4.32375,-2.329999,-7.4875,4.276251,-2.179999,-7.536251,4.32375,-2.029999,-7.5775,4.461251,-1.903749,-7.605,4.666251,-1.818749,-7.615,4.9075,-1.788749,-7.605,5.150001,-1.818749,-7.5775,5.355,-1.903749,-7.536251,5.491251,-2.029999,-7.4875,5.54,-2.179999,-7.43875,5.491251,-2.329999,-7.3975,5.355,-2.457499,-7.37,5.150001,-2.542499],
  "indices" : [35,68,33,68,35,69,64,69,35,69,64,70,62,70,64,70,62,71,60,71,62,71,60,72,58,72,60,72,58,73,56,73,58,73,56,74,54,74,56,74,54,75,52,75,54,75,52,76,50,76,52,76,50,77,48,77,50,77,48,78,46,78,48,78,46,79,44,79,46,79,44,80,41,80,44,80,41,66,39,66,41,66,39,65,37,65,39,65,37,67,33,67,37,67,33,68,8,80,6,80,8,79,10,79,8,79,10,78,12,78,10,78,12,77,14,77,12,77,14,76,16,76,14,76,16,75,18,75,16,75,18,74,20,74,18,74,20,73,22,73,20,73,22,72,24,72,22,72,24,71,26,71,24,71,26,70,28,70,26,70,28,69,30,69,28,69,30,68,0,68,30,68,0,67,1,67,0,67,1,65,4,65,1,65,4,66,6,66,4,66,6,80,3,0,31,0,3,1,2,1,3,1,2,4,5,4,2,4,5,6,7,6,5,6,7,8,9,8,7,8,9,10,11,10,9,10,11,12,13,12,11,12,13,14,15,14,13,14,15,16,17,16,15,16,17,18,19,18,17,18,19,20,21,20,19,20,21,22,23,22,21,22,23,24,25,24,23,24,25,26,27,26,25,26,27,28,29,28,27,28,29,30,31,30,29,30,31,0,32,49,51,49,32,47,45,47,32,32,43,45,43,32,42,40,42,32,53,32,51,32,53,55,57,32,55,32,57,59,61,32,59,32,61,63,36,32,63,32,36,34,32,38,40,38,32,34],
  "Ni" : 1.45000,
  "Ka" : [1.00000,1.00000,1.00000],
  "d" : 1.00000,
  "Kd" : [0.80000,0.80000,0.80000],
  "illum" : 1,
  "Ks" : [0.00000,0.00000,0.00000],
  "Ns" : 225.00000
}