{
  "alias" : "Cones_Cones_Marble",
  "vertices" : [-7.02125,2.903749,4.3825,-7.0625,2.903749,4.366251,-7.08,2.903749,4.325,-7.0625,2.903749,4.283751,-7.02125,2.903749,4.266251,-7.931251,3.91625,2.547501,-7.931251,3.72,2.450001,-7.86125,3.72,2.478751,-8.0,3.72,2.478751,-8.02875,3.72,2.547501,-8.0,3.72,2.617501,-7.931251,3.72,2.646251,-7.86125,3.72,2.617501,-7.8325,3.72,2.547501,-7.875,3.68625,2.492501,-7.8525,3.68625,2.547501,-7.875,3.68625,2.603751,-7.931251,3.68625,2.626251,-7.98625,3.68625,2.603751,-8.00875,3.68625,2.547501,-7.98625,3.68625,2.492501,-7.931251,3.68625,2.470001,-7.02125,3.074999,4.325,-7.02125,2.928749,4.251251,-6.97,2.928749,4.272501,-7.07375,2.928749,4.272501,-7.095,2.928749,4.325,-7.07375,2.928749,4.376251,-7.02125,2.928749,4.397501,-6.97,2.928749,4.376251,-6.94875,2.928749,4.325,-6.98,2.903749,4.283751,-6.96375,2.903749,4.325,-6.98,2.903749,4.366251],
  "texture_coords" : [0.773438,0.350586,1.18652,0.628906,0.90918,0.628906,0.994141,0.350586,0.90918,0.628906,0.773438,0.350586,0.239258,0.628906,0.239258,0.350586,-0.428711,0.628906,-0.292969,0.350586,-0.706055,0.628906,-0.513672,0.350586,-0.428711,0.628906,-0.292969,0.350586,0.239258,0.628906,0.239258,0.350586,0.239258,2.24414,0.359375,2.375,0.359375,2.375,0.359375,2.375,0.359375,2.375,0.359375,2.375,0.359375,2.375,0.359375,2.375,0.359375,2.375,0.359375,2.375,0.359375,2.375,0.359375,2.375,0.359375,2.375,0.359375,2.375,0.359375,2.375,0.359375,2.375,0.359375,2.375,0.359375,2.375],
  "indices" : [14,6,7,6,14,21,21,8,6,8,21,20,20,9,8,9,20,19,19,10,9,10,19,18,18,11,10,11,18,17,17,12,11,12,17,16,16,13,12,13,16,15,15,7,13,7,15,14,13,7,5,12,13,5,11,12,5,10,11,5,9,10,5,8,9,5,6,8,5,7,6,5,31,23,24,23,31,4,4,25,23,25,4,3,3,26,25,26,3,2,2,27,26,27,2,1,1,28,27,28,1,0,0,29,28,29,0,33,33,30,29,30,33,32,32,24,30,24,32,31,30,24,22,29,30,22,28,29,22,27,28,22,26,27,22,25,26,22,23,25,22,24,23,22],
  "normals" : [0.6115,-0.5013,-0.6122,-0.0041,-0.0322,-0.9995,0.7058,-0.0275,-0.7078,-0.0041,-0.0322,-0.9995,0.6115,-0.5013,-0.6122,-0.0067,-0.508,-0.8613,-0.0067,-0.508,-0.8613,-0.7061,-0.0291,-0.7075,-0.0041,-0.0322,-0.9995,-0.7061,-0.0291,-0.7075,-0.0067,-0.508,-0.8613,-0.6099,-0.501,-0.6139,-0.6099,-0.501,-0.6139,-0.9995,-0.0324,-0.0019,-0.7061,-0.0291,-0.7075,-0.9995,-0.0324,-0.0019,-0.6099,-0.501,-0.6139,-0.8615,-0.5077,-0.0005,-0.8615,-0.5077,-0.0005,-0.7094,-0.0276,0.7042,-0.9995,-0.0324,-0.0019,-0.7094,-0.0276,0.7042,-0.8615,-0.5077,-0.0005,-0.6167,-0.501,0.6072,-0.6167,-0.501,0.6072,-0.0019,-0.0301,0.9995,-0.7094,-0.0276,0.7042,-0.0019,-0.0301,0.9995,-0.6167,-0.501,0.6072,-0.0005,-0.5077,0.8615,-0.0005,-0.5077,0.8615,0.706,-0.026,0.7077,-0.0019,-0.0301,0.9995,0.706,-0.026,0.7077,-0.0005,-0.5077,0.8615,0.6094,-0.5013,0.6142,0.6094,-0.5013,0.6142,0.9995,-0.0299,-0.0041,0.706,-0.026,0.7077,0.9995,-0.0299,-0.0041,0.6094,-0.5013,0.6142,0.8613,-0.508,-0.0067,0.8613,-0.508,-0.0067,0.7058,-0.0275,-0.7078,0.9995,-0.0299,-0.0041,0.7058,-0.0275,-0.7078,0.8613,-0.508,-0.0067,0.6115,-0.5013,-0.6122,0.9995,-0.0299,-0.0041,0.7058,-0.0275,-0.7078,-0.0024,1.0,-0.0024,0.706,-0.026,0.7077,0.9995,-0.0299,-0.0041,-0.0024,1.0,-0.0024,-0.0019,-0.0301,0.9995,0.706,-0.026,0.7077,-0.0024,1.0,-0.0024,-0.7094,-0.0276,0.7042,-0.0019,-0.0301,0.9995,-0.0024,1.0,-0.0024,-0.9995,-0.0324,-0.0019,-0.7094,-0.0276,0.7042,-0.0024,1.0,-0.0024,-0.7061,-0.0291,-0.7075,-0.9995,-0.0324,-0.0019,-0.0024,1.0,-0.0024,-0.0041,-0.0322,-0.9995,-0.7061,-0.0291,-0.7075,-0.0024,1.0,-0.0024,0.7058,-0.0275,-0.7078,-0.0041,-0.0322,-0.9995,-0.0024,1.0,-0.0024,0.6195,-0.5128,-0.5943,0.0049,-0.0339,-0.9994,0.7076,-0.0353,-0.7057,0.0049,-0.0339,-0.9994,0.6195,-0.5128,-0.5943,0.0061,-0.5182,-0.8552,0.0061,-0.5182,-0.8552,-0.708,-0.0416,-0.705,0.0049,-0.0339,-0.9994,-0.708,-0.0416,-0.705,0.0061,-0.5182,-0.8552,-0.6024,-0.5333,-0.5939,-0.6024,-0.5333,-0.5939,-0.9994,-0.0349,0.0016,-0.708,-0.0416,-0.705,-0.9994,-0.0349,0.0016,-0.6024,-0.5333,-0.5939,-0.8564,-0.5163,-0.003,-0.8564,-0.5163,-0.003,-0.7058,-0.0334,0.7076,-0.9994,-0.0349,0.0016,-0.7058,-0.0334,0.7076,-0.8564,-0.5163,-0.003,-0.5931,-0.5168,0.6174,-0.5931,-0.5168,0.6174,0.005,-0.0351,0.9994,-0.7058,-0.0334,0.7076,0.005,-0.0351,0.9994,-0.5931,-0.5168,0.6174,0.0064,-0.5105,0.8598,0.0064,-0.5105,0.8598,0.7052,-0.0266,0.7085,0.005,-0.0351,0.9994,0.7052,-0.0266,0.7085,0.0064,-0.5105,0.8598,0.6091,-0.4964,0.6184,0.6091,-0.4964,0.6184,0.9994,-0.0342,0.0015,0.7052,-0.0266,0.7085,0.9994,-0.0342,0.0015,0.6091,-0.4964,0.6184,0.8587,-0.5124,-0.0034,0.8587,-0.5124,-0.0034,0.7076,-0.0353,-0.7057,0.9994,-0.0342,0.0015,0.7076,-0.0353,-0.7057,0.8587,-0.5124,-0.0034,0.6195,-0.5128,-0.5943,0.9994,-0.0342,0.0015,0.7076,-0.0353,-0.7057,0.0033,1.0,0.0033,0.7052,-0.0266,0.7085,0.9994,-0.0342,0.0015,0.0033,1.0,0.0033,0.005,-0.0351,0.9994,0.7052,-0.0266,0.7085,0.0033,1.0,0.0033,-0.7058,-0.0334,0.7076,0.005,-0.0351,0.9994,0.0033,1.0,0.0033,-0.9994,-0.0349,0.0016,-0.7058,-0.0334,0.7076,0.0033,1.0,0.0033,-0.708,-0.0416,-0.705,-0.9994,-0.0349,0.0016,0.0033,1.0,0.0033,0.0049,-0.0339,-0.9994,-0.708,-0.0416,-0.705,0.0033,1.0,0.0033,0.7076,-0.0353,-0.7057,0.0049,-0.0339,-0.9994,0.0033,1.0,0.0033],
  "Ni" : 1.45000,
  "Ka" : [1.00000,1.00000,1.00000],
  "d" : 1.00000,
  "Kd" : [0.80000,0.80000,0.80000],
  "illum" : 1,
  "Ks" : [0.00000,0.00000,0.00000],
  "Ns" : 0.00000
}