{
  "alias" : "Entrance_Exit_Entrance_Exit_Marble",
  "vertices" : [1.4075,-1e-06,8.88875,-1.4075,4.567267,8.888751,-1.4075,3.341249,8.733751,-1.4075,3.378749,8.693751,-1.4075,3.662498,8.693751,-1.4075,3.701249,8.733751,-1.4075,3.701249,8.888751,1.4075,3.701249,8.733751,1.4075,3.662498,8.693751,1.4075,3.378749,8.693751,1.4075,3.341249,8.733751,1.4075,3.701249,8.887501,-1.4075,-1e-06,8.88875,-2.125,3.378748,12.176301,2.125,3.378748,12.176301,2.125,-2e-06,12.1763,-2.125,-2e-06,12.1763,1.4075,4.576249,8.888751],
  "indices" : [10,3,9,8,3,4,5,11,7,13,12,2,1,11,6,10,13,2,15,13,14,14,0,15,5,8,4,10,2,3,8,9,3,5,6,11,13,16,12,1,17,11,10,14,13,15,16,13,14,10,0,5,7,8],
  "Ni" : 1.45000,
  "Ka" : [1.00000,1.00000,1.00000],
  "d" : 1.00000,
  "Kd" : [0.80000,0.80000,0.80000],
  "illum" : 1,
  "Ks" : [0.00000,0.00000,0.00000],
  "Ns" : 0.00000
}