{
  "alias" : "Carpet_Carpet_m18",
  "vertices" : [0.0,0.19,0.0,4.52625,0.16375,-0.7175,4.52625,0.16375,0.715,4.08375,0.16375,-2.08125,3.24125,0.163751,-3.24125,2.08,0.163751,-4.085,0.71625,0.163751,-4.5275,-0.71625,0.163751,-4.5275,-3.22125,0.163751,-3.2225,-2.0675,0.163751,-4.06,-4.52625,0.16375,-0.7175,-4.0825,0.16375,-2.08125,-4.5275,0.16375,0.715,-4.08375,0.16375,2.08,-0.71625,0.163749,4.52625,-2.08,0.163749,4.0825,0.71625,0.163749,4.525,2.0725,0.163749,4.0675,-3.24125,0.163749,3.24,3.22,0.163749,3.22,4.05875,0.16375,2.06625,5.20875,0.1025,0.82375,5.20875,0.1025,-0.825,5.38625,0.0,-0.85375,5.38625,-0.0,0.85125,4.69875,0.1025,-2.395,4.86,0.0,-2.47625,3.72875,0.102501,-3.73,3.85625,1e-06,-3.8575,2.39375,0.102501,-4.7,2.47625,1e-06,-4.86,0.825,0.102501,-5.21,0.8525,1e-06,-5.3875,-0.825,0.102501,-5.21,-0.8525,1e-06,-5.3875,-2.37875,0.102501,-4.67125,-3.70625,0.102501,-3.7075,-3.8325,1e-06,-3.83375,-2.46,1e-06,-4.83,-4.69875,0.1025,-2.395,-5.20875,0.1025,-0.825,-5.38625,0.0,-0.85375,-4.85875,0.0,-2.47625,-5.20875,0.1025,0.82375,-5.38625,-0.0,0.85125,-4.69875,0.1025,2.3925,-4.86,-0.0,2.475,-2.39375,0.102499,4.6975,-0.825,0.102499,5.2075,-0.8525,-1e-06,5.38625,-2.47625,-1e-06,4.85875,0.825,0.102499,5.2075,0.8525,-1e-06,5.38625,2.385,0.102499,4.68125,2.46625,-1e-06,4.84125,-3.72875,0.102499,3.7275,-3.85625,-1e-06,3.855,3.70625,0.102499,3.705,3.8325,-1e-06,3.83125,4.67,0.1025,2.37875,4.83,-0.0,2.46,4.665,0.2125,0.7375,4.665,0.2125,-0.73875,4.20875,0.2125,-2.145,3.34,0.212501,-3.34,2.14375,0.212501,-4.20875,0.73875,0.212501,-4.66625,-0.73875,0.212501,-4.665,-2.13125,0.212501,-4.18375,-3.31875,0.212501,-3.32,-4.2075,0.2125,-2.145,-4.665,0.2125,-0.73875,-4.665,0.2125,0.7375,-4.20875,0.2125,2.1425,-2.14375,0.212499,4.2075,-0.73875,0.212499,4.66375,0.73875,0.212499,4.66375,2.13625,0.212499,4.1925,-3.34,0.212499,3.33875,3.31875,0.212499,3.3175,4.1825,0.2125,2.13],
  "indices" : [24,21,60,21,24,22,23,22,24,22,23,25,26,25,23,25,26,27,28,27,26,27,28,29,30,29,28,29,30,31,32,31,30,31,32,33,34,33,32,33,34,35,38,35,34,35,38,36,37,36,38,36,37,39,42,39,37,39,42,40,41,40,42,40,41,43,44,43,41,43,44,45,46,45,44,45,46,55,56,55,46,55,56,47,50,47,56,47,50,48,49,48,50,48,49,51,52,51,49,51,52,53,54,53,52,53,54,57,58,57,54,57,58,59,60,59,58,59,60,21,21,61,59,61,21,62,22,62,21,62,22,63,25,63,22,63,25,64,27,64,25,64,27,65,29,65,27,65,29,66,31,66,29,66,31,67,33,67,31,67,33,68,35,68,33,68,35,69,36,69,35,69,36,70,39,70,36,70,39,71,40,71,39,71,40,72,43,72,40,72,43,73,45,73,43,73,45,78,55,78,45,78,55,74,47,74,55,74,47,75,48,75,47,75,48,76,51,76,48,76,51,77,53,77,51,77,53,79,57,79,53,79,57,80,59,80,57,80,59,61,73,13,72,13,73,18,78,18,73,18,78,15,74,15,78,15,74,14,75,14,74,14,75,16,76,16,75,16,76,17,77,17,76,17,77,19,79,19,77,19,79,20,80,20,79,20,80,2,61,2,80,2,61,1,62,1,61,1,62,3,63,3,62,3,63,4,64,4,63,4,64,5,65,5,64,5,65,6,66,6,65,6,66,7,67,7,66,7,67,9,68,9,67,9,68,8,69,8,68,8,69,11,70,11,69,11,70,10,71,10,70,10,71,12,72,12,71,12,72,13,0,2,1,2,0,20,19,20,0,0,17,19,17,0,16,14,16,0,0,15,14,15,0,18,13,18,0,0,12,13,12,0,10,11,10,0,0,8,11,8,0,9,7,9,0,0,6,7,6,0,5,4,5,0,0,3,4,3,0,1],
  "normals" : [0.4889,0.8685,0.0816,0.3599,0.931,0.0608,0.4399,0.8683,0.2292,0.3599,0.931,0.0608,0.4889,0.8685,0.0816,0.3594,0.9314,-0.0568,0.489,0.8688,-0.0775,0.3594,0.9314,-0.0568,0.4889,0.8685,0.0816,0.3594,0.9314,-0.0568,0.489,0.8688,-0.0775,0.3235,0.9317,-0.1649,0.44,0.8696,-0.2239,0.3235,0.9317,-0.1649,0.489,0.8688,-0.0775,0.3235,0.9317,-0.1649,0.44,0.8696,-0.2239,0.2568,0.9317,-0.2569,0.3494,0.8693,-0.3495,0.2568,0.9317,-0.2569,0.44,0.8696,-0.2239,0.2568,0.9317,-0.2569,0.3494,0.8693,-0.3495,0.165,0.9315,-0.324,0.2248,0.869,-0.4408,0.165,0.9315,-0.324,0.3494,0.8693,-0.3495,0.165,0.9315,-0.324,0.2248,0.869,-0.4408,0.057,0.9313,-0.3596,0.0774,0.8685,-0.4895,0.057,0.9313,-0.3596,0.2248,0.869,-0.4408,0.057,0.9313,-0.3596,0.0774,0.8685,-0.4895,-0.0609,0.931,-0.3598,-0.0818,0.8685,-0.4888,-0.0609,0.931,-0.3598,0.0774,0.8685,-0.4895,-0.0609,0.931,-0.3598,-0.0818,0.8685,-0.4888,-0.1691,0.9308,-0.3239,-0.2302,0.867,-0.4419,-0.1691,0.9308,-0.3239,-0.0818,0.8685,-0.4888,-0.1691,0.9308,-0.3239,-0.2302,0.867,-0.4419,-0.2554,0.931,-0.2608,-0.3489,0.8672,-0.3552,-0.2554,0.931,-0.2608,-0.2302,0.867,-0.4419,-0.2554,0.931,-0.2608,-0.3489,0.8672,-0.3552,-0.3236,0.9309,-0.169,-0.44,0.8683,-0.2289,-0.3236,0.9309,-0.169,-0.3489,0.8672,-0.3552,-0.3236,0.9309,-0.169,-0.44,0.8683,-0.2289,-0.3594,0.9314,-0.0569,-0.4891,0.8687,-0.0776,-0.3594,0.9314,-0.0569,-0.44,0.8683,-0.2289,-0.3594,0.9314,-0.0569,-0.4891,0.8687,-0.0776,-0.3597,0.9313,0.0571,-0.4894,0.8686,0.0774,-0.3597,0.9313,0.0571,-0.4891,0.8687,-0.0776,-0.3597,0.9313,0.0571,-0.4894,0.8686,0.0774,-0.323,0.932,0.1644,-0.4389,0.8703,0.2235,-0.323,0.932,0.1644,-0.4894,0.8686,0.0774,-0.323,0.932,0.1644,-0.4389,0.8703,0.2235,-0.2569,0.9316,0.257,-0.3493,0.8694,0.3494,-0.2569,0.9316,0.257,-0.4389,0.8703,0.2235,-0.2569,0.9316,0.257,-0.3493,0.8694,0.3494,-0.1646,0.932,0.3229,-0.2238,0.8703,0.4387,-0.1646,0.932,0.3229,-0.3493,0.8694,0.3494,-0.1646,0.932,0.3229,-0.2238,0.8703,0.4387,-0.0568,0.9319,0.3582,-0.0769,0.87,0.487,-0.0568,0.9319,0.3582,-0.2238,0.8703,0.4387,-0.0568,0.9319,0.3582,-0.0769,0.87,0.487,0.0591,0.9317,0.3583,0.0795,0.8699,0.4867,0.0591,0.9317,0.3583,-0.0769,0.87,0.487,0.0591,0.9317,0.3583,0.0795,0.8699,0.4867,0.1688,0.9312,0.323,0.2291,0.8683,0.4399,0.1688,0.9312,0.323,0.0795,0.8699,0.4867,0.1688,0.9312,0.323,0.2291,0.8683,0.4399,0.2595,0.9308,0.2573,0.3533,0.8673,0.3507,0.2595,0.9308,0.2573,0.2291,0.8683,0.4399,0.2595,0.9308,0.2573,0.3533,0.8673,0.3507,0.3226,0.9314,0.1687,0.4399,0.8683,0.2292,0.3226,0.9314,0.1687,0.3533,0.8673,0.3507,0.3226,0.9314,0.1687,0.4399,0.8683,0.2292,0.3599,0.931,0.0608,0.3599,0.931,0.0608,-0.0399,0.9992,-0.0065,0.3226,0.9314,0.1687,-0.0399,0.9992,-0.0065,0.3599,0.931,0.0608,-0.0418,0.9991,0.0065,0.3594,0.9314,-0.0568,-0.0418,0.9991,0.0065,0.3599,0.931,0.0608,-0.0418,0.9991,0.0065,0.3594,0.9314,-0.0568,-0.0376,0.9991,0.0191,0.3235,0.9317,-0.1649,-0.0376,0.9991,0.0191,0.3594,0.9314,-0.0568,-0.0376,0.9991,0.0191,0.3235,0.9317,-0.1649,-0.0304,0.9991,0.0304,0.2568,0.9317,-0.2569,-0.0304,0.9991,0.0304,0.3235,0.9317,-0.1649,-0.0304,0.9991,0.0304,0.2568,0.9317,-0.2569,-0.0197,0.999,0.0388,0.165,0.9315,-0.324,-0.0197,0.999,0.0388,0.2568,0.9317,-0.2569,-0.0197,0.999,0.0388,0.165,0.9315,-0.324,-0.0067,0.9991,0.0414,0.057,0.9313,-0.3596,-0.0067,0.9991,0.0414,0.165,0.9315,-0.324,-0.0067,0.9991,0.0414,0.057,0.9313,-0.3596,0.0068,0.9991,0.0414,-0.0609,0.931,-0.3598,0.0068,0.9991,0.0414,0.057,0.9313,-0.3596,0.0068,0.9991,0.0414,-0.0609,0.931,-0.3598,0.0202,0.999,0.0394,-0.1691,0.9308,-0.3239,0.0202,0.999,0.0394,-0.0609,0.931,-0.3598,0.0202,0.999,0.0394,-0.1691,0.9308,-0.3239,0.0324,0.9989,0.0325,-0.2554,0.931,-0.2608,0.0324,0.9989,0.0325,-0.1691,0.9308,-0.3239,0.0324,0.9989,0.0325,-0.2554,0.931,-0.2608,0.0363,0.9991,0.0187,-0.3236,0.9309,-0.169,0.0363,0.9991,0.0187,-0.2554,0.931,-0.2608,0.0363,0.9991,0.0187,-0.3236,0.9309,-0.169,0.0417,0.9991,0.0066,-0.3594,0.9314,-0.0569,0.0417,0.9991,0.0066,-0.3236,0.9309,-0.169,0.0417,0.9991,0.0066,-0.3594,0.9314,-0.0569,0.0428,0.9991,-0.0068,-0.3597,0.9313,0.0571,0.0428,0.9991,-0.0068,-0.3594,0.9314,-0.0569,0.0428,0.9991,-0.0068,-0.3597,0.9313,0.0571,0.0382,0.9991,-0.0193,-0.323,0.932,0.1644,0.0382,0.9991,-0.0193,-0.3597,0.9313,0.0571,0.0382,0.9991,-0.0193,-0.323,0.932,0.1644,0.0302,0.9991,-0.0302,-0.2569,0.9316,0.257,0.0302,0.9991,-0.0302,-0.323,0.932,0.1644,0.0302,0.9991,-0.0302,-0.2569,0.9316,0.257,0.0192,0.9991,-0.0376,-0.1646,0.932,0.3229,0.0192,0.9991,-0.0376,-0.2569,0.9316,0.257,0.0192,0.9991,-0.0376,-0.1646,0.932,0.3229,0.0067,0.9991,-0.0427,-0.0568,0.9319,0.3582,0.0067,0.9991,-0.0427,-0.1646,0.932,0.3229,0.0067,0.9991,-0.0427,-0.0568,0.9319,0.3582,-0.0066,0.9991,-0.0406,0.0591,0.9317,0.3583,-0.0066,0.9991,-0.0406,-0.0568,0.9319,0.3582,-0.0066,0.9991,-0.0406,0.0591,0.9317,0.3583,-0.0192,0.9991,-0.0375,0.1688,0.9312,0.323,-0.0192,0.9991,-0.0375,0.0591,0.9317,0.3583,-0.0192,0.9991,-0.0375,0.1688,0.9312,0.323,