{
  "alias" : "Cube",
  "vertices" : [2.029843,-2.029843,-2.029842,2.029843,-2.029843,2.029843,-2.029843,-2.029843,2.029842,-2.029842,-2.029843,-2.029843,2.029844,2.029843,-2.029841,2.029841,2.029843,2.029844,-2.029843,2.029843,2.029842,-2.029842,2.029843,-2.029843],
  "indices" : [4,0,3,4,3,7,2,6,7,2,7,3,1,5,2,5,6,2,0,4,1,4,5,1,4,7,5,7,6,5,0,1,2,0,2,3],
  "Ns" : 96.07843,
  "Ka" : [0.00000,0.00000,0.00000],
  "Kd" : [0.19044,0.06797,0.76665],
  "Ks" : [0.50000,0.50000,0.50000],
  "Ni" : 1.00000,
  "d" : 1.00000,
  "illum" : 2
}